City_ID,City,Country,Date,Lat,Lng,Max Temp,Humidity,Cloudiness,Wind Speed
0,Katsuura,JP,2021-10-12 23:31:25,35.1333,140.3,66.18,88,100,19.86
1,Egvekinot,RU,2021-10-12 23:31:25,66.3167,-179.1667,20.34,83,100,13.11
2,Eugene,US,2021-10-12 23:26:54,44.0521,-123.0867,57.25,54,90,1.01
3,Abha,SA,2021-10-12 23:31:26,18.2164,42.5053,58.82,21,0,0.0
4,Albany,US,2021-10-12 23:29:31,42.6001,-73.9662,65.62,81,17,1.99
5,Castro,BR,2021-10-12 23:31:26,-24.7911,-50.0119,57.92,92,29,4.27
6,Inirida,CO,2021-10-12 23:31:27,3.8653,-67.9239,73.04,94,90,2.51
7,Punta Arenas,CL,2021-10-12 23:31:27,-53.15,-70.9167,55.51,38,90,11.5
8,Te Anau,NZ,2021-10-12 23:31:28,-45.4167,167.7167,44.76,75,84,5.17
9,Ushuaia,AR,2021-10-12 23:31:28,-54.8,-68.3,53.26,43,75,12.66
10,Busselton,AU,2021-10-12 23:31:29,-33.65,115.3333,50.04,71,67,6.96
11,Hobart,AU,2021-10-12 23:27:05,-42.8794,147.3294,57.25,57,75,1.99
12,Jamestown,US,2021-10-12 23:31:30,42.097,-79.2353,71.19,77,90,6.91
13,Hermanus,ZA,2021-10-12 23:31:30,-34.4187,19.2345,60.8,77,86,6.2
14,Provideniya,RU,2021-10-12 23:31:31,64.3833,-173.3,33.91,64,0,8.95
15,Kununurra,AU,2021-10-12 23:29:25,-15.7667,128.7333,84.18,74,60,5.75
16,Butaritari,KI,2021-10-12 23:31:32,3.0707,172.7902,81.41,68,32,7.47
17,Dumbea,NC,2021-10-12 23:31:33,-22.15,166.45,74.98,99,100,6.91
18,Upata,VE,2021-10-12 23:31:33,8.0086,-62.3989,78.13,72,83,4.61
19,Roros,NO,2021-10-12 23:31:34,62.5747,11.3842,31.84,93,90,4.61
20,Qaanaaq,GL,2021-10-12 23:26:35,77.484,-69.3632,27.81,95,98,6.78
21,Geraldton,AU,2021-10-12 23:31:34,-28.7667,114.6,54.01,62,2,11.5
22,Honiara,SB,2021-10-12 23:31:35,-9.4333,159.95,86.85,66,68,5.37
23,Bredasdorp,ZA,2021-10-12 23:31:36,-34.5322,20.0403,60.28,94,100,0.0
24,Waren,DE,2021-10-12 23:31:36,53.5167,12.6833,40.01,90,8,7.0
25,Santa Rosalia,MX,2021-10-12 23:31:37,27.3167,-112.2833,76.55,39,0,5.28
26,Rikitea,PF,2021-10-12 23:31:38,-23.1203,-134.9692,74.28,74,76,9.26
27,Georgetown,MY,2021-10-12 23:26:39,5.4112,100.3354,80.53,88,20,2.3
28,La Ronge,CA,2021-10-12 23:31:38,55.1001,-105.2842,43.02,60,1,3.44
29,Paita,PE,2021-10-12 23:31:39,-5.0892,-81.1144,68.56,83,33,17.74
30,Dargaville,NZ,2021-10-12 23:31:39,-35.9333,173.8833,58.44,51,55,13.58
31,Tilichiki,RU,2021-10-12 23:29:40,60.4667,166.1,24.42,52,89,4.23
32,Padang,ID,2021-10-12 23:31:41,-0.9492,100.3543,73.45,74,57,3.38
33,Andenes,NO,2021-10-12 23:31:41,69.3143,16.1194,39.18,87,100,10.36
34,Arraial Do Cabo,BR,2021-10-12 23:31:41,-22.9661,-42.0278,66.16,100,75,8.05
35,Mataura,NZ,2021-10-12 23:31:42,-46.1927,168.8643,46.83,69,99,6.11
36,Vaini,TO,2021-10-12 23:31:42,-21.2,-175.2,77.16,73,20,8.05
37,Atuona,PF,2021-10-12 23:31:43,-9.8,-139.0333,78.17,72,10,15.93
38,Fereydun Kenar,IR,2021-10-12 23:31:43,36.6864,52.5225,53.91,68,47,5.14
39,Tasiilaq,GL,2021-10-12 23:31:44,65.6145,-37.6368,30.36,54,0,3.13
40,Burnie,AU,2021-10-12 23:31:44,-41.0667,145.9167,54.91,63,99,16.75
41,Ilulissat,GL,2021-10-12 23:31:45,69.2167,-51.1,26.62,74,38,1.14
42,Pangnirtung,CA,2021-10-12 23:31:45,66.1451,-65.7125,42.42,55,86,7.7
43,Hamilton,US,2021-10-12 23:31:01,39.1834,-84.5333,71.04,78,20,1.01
44,Cape Town,ZA,2021-10-12 23:28:08,-33.9258,18.4232,63.27,82,0,1.99
45,Kursumlija,RS,2021-10-12 23:31:46,43.1458,21.2686,46.06,92,100,1.97
46,Wau,SS,2021-10-12 23:31:47,7.7029,27.9953,72.21,94,100,3.31
47,Cidreira,BR,2021-10-12 23:31:47,-30.1811,-50.2056,65.97,91,58,22.5
48,Lebu,CL,2021-10-12 23:31:48,-37.6167,-73.65,51.51,92,25,4.47
49,Leningradskiy,RU,2021-10-12 23:31:48,69.3833,178.4167,22.66,94,100,5.23
50,Bar Harbor,US,2021-10-12 23:27:08,44.3876,-68.2039,64.53,85,1,4.61
51,Kommunisticheskiy,RU,2021-10-12 23:31:49,61.6789,64.4819,35.96,96,100,4.72
52,Harper,LR,2021-10-12 23:31:49,4.375,-7.7169,77.2,90,71,7.36
53,Cherskiy,RU,2021-10-12 23:31:50,68.75,161.3,6.1,89,80,1.61
54,Gizo,SB,2021-10-12 23:30:38,-8.103,156.8419,85.44,68,79,8.77
55,Rocha,UY,2021-10-12 23:31:51,-34.4833,-54.3333,60.26,97,76,5.46
56,Hellvik,NO,2021-10-12 23:31:51,59.9156,5.781,44.78,77,83,3.0
57,Upernavik,GL,2021-10-12 23:31:52,72.7868,-56.1549,33.51,93,97,7.54
58,Hithadhoo,MV,2021-10-12 23:31:53,-0.6,73.0833,83.07,75,100,17.07
59,Puerto Armuelles,PA,2021-10-12 23:31:53,8.2833,-82.8667,78.78,89,48,9.01
60,Ponnani,IN,2021-10-12 23:31:54,10.767,75.9252,72.72,91,100,2.77
61,Ewa Beach,US,2021-10-12 23:31:54,21.3156,-158.0072,87.75,65,75,13.8
62,Quatre Cocos,MU,2021-10-12 23:31:55,-20.2078,57.7625,72.09,89,4,4.92
63,Sobolevo,RU,2021-10-12 23:31:55,54.4299,31.8996,43.97,87,100,2.71
64,Mount Gambier,AU,2021-10-12 23:31:56,-37.8333,140.7667,57.11,67,40,16.11
65,Solnechnyy,RU,2021-10-12 23:31:56,50.7214,136.6319,49.33,64,100,4.94
66,Bluff,NZ,2021-10-12 23:31:57,-46.6,168.3333,46.24,68,100,14.14
67,Muros,ES,2021-10-12 23:27:15,42.7762,-9.0603,66.83,81,2,7.25
68,Namioka,JP,2021-10-12 23:31:58,40.7072,140.5894,65.75,82,20,2.3
69,Vanimo,PG,2021-10-12 23:31:58,-2.6741,141.3028,83.82,78,23,5.57
70,Fortuna,US,2021-10-12 23:27:39,40.5982,-124.1573,67.48,53,1,4.0
71,Atikokan,CA,2021-10-12 23:31:59,48.7555,-91.6216,51.85,69,12,4.79
72,Puerto Ayora,EC,2021-10-12 23:31:59,-0.7393,-90.3518,70.56,87,58,5.99
73,Okha,RU,2021-10-12 23:32:00,53.5739,142.9478,47.53,76,100,11.77
74,Lima,PE,2021-10-12 23:27:20,-12.0432,-77.0282,62.91,81,90,14.97
75,Karratha,AU,2021-10-12 23:27:36,-20.7377,116.8463,76.95,18,1,22.79
76,Waddan,LY,2021-10-12 23:32:01,29.1614,16.139,65.8,53,10,3.47
77,New Norfolk,AU,2021-10-12 23:32:02,-42.7826,147.0587,57.92,52,100,3.0
78,Soto La Marina,MX,2021-10-12 23:32:03,23.7667,-98.2167,85.77,80,40,16.02
79,Nemuro,JP,2021-10-12 23:32:03,43.3236,145.575,55.31,68,0,8.32
80,Rawson,AR,2021-10-12 23:32:04,-43.3002,-65.1023,63.18,52,70,21.72
81,Samarai,PG,2021-10-12 23:32:05,-10.6167,150.6667,82.02,77,46,6.82
82,Astana,KZ,2021-10-12 23:32:05,51.1801,71.446,35.55,64,0,6.71
83,San Policarpo,PH,2021-10-12 23:28:22,12.1791,125.5072,81.16,78,100,7.49
84,Nanortalik,GL,2021-10-12 23:32:06,60.1432,-45.2371,39.47,76,4,1.3
85,Avarua,CK,2021-10-12 23:32:07,-21.2078,-159.775,78.85,65,26,13.8
86,Luderitz,NA,2021-10-12 23:32:07,-26.6481,15.1594,63.66,63,62,4.38
87,Labuhan,ID,2021-10-12 23:32:08,-6.8844,112.2051,80.65,66,97,11.16
88,Severo-Kurilsk,RU,2021-10-12 23:32:08,50.6789,156.125,47.52,75,22,16.64
89,Barrow,US,2021-10-12 23:32:09,71.2906,-156.7887,30.22,80,90,19.57
90,Ovalle,CL,2021-10-12 23:32:09,-30.5983,-71.2003,57.54,65,99,6.38
91,Casambalangan,PH,2021-10-12 23:32:10,18.3765,122.1274,82.71,82,100,6.02
92,Ponta Do Sol,PT,2021-10-12 23:32:10,32.6667,-17.1,70.72,73,29,2.42
93,Nikolskoye,RU,2021-10-12 23:32:11,59.7035,30.7861,42.87,87,95,5.17
94,Kaeo,NZ,2021-10-12 23:32:11,-35.1,173.7833,62.33,58,89,11.03
95,Alofi,NU,2021-10-12 23:32:12,-19.0595,-169.9187,78.69,61,40,9.22
96,Atar,MR,2021-10-12 23:32:13,20.5169,-13.0499,85.21,19,48,3.36
97,Tual,ID,2021-10-12 23:32:13,-5.6667,132.75,82.17,76,31,1.99
98,San Carlos De Bariloche,AR,2021-10-12 23:30:11,-41.1456,-71.3082,55.15,44,0,18.41
99,Sitka,US,2021-10-12 23:32:14,57.0531,-135.33,49.89,71,90,20.71
100,Hami,CN,2021-10-12 23:30:22,42.8,93.45,46.83,40,8,8.1
101,Hilo,US,2021-10-12 23:32:15,19.7297,-155.09,80.33,87,90,1.99
102,Uray,RU,2021-10-12 23:32:15,60.1247,64.7758,39.87,95,100,4.9
103,Sao Filipe,CV,2021-10-12 23:32:16,14.8961,-24.4956,78.64,73,19,5.61
104,Mackenzie,CA,2021-10-12 23:32:18,55.2999,-123.1698,34.02,100,90,10.36
105,Chokurdakh,RU,2021-10-12 23:32:18,70.6333,147.9167,16.45,93,100,7.29
106,Banjar,ID,2021-10-12 23:32:19,-8.19,114.9675,75.06,64,86,4.38
107,Sapa,PH,2021-10-12 23:32:20,5.1544,120.3241,83.44,81,96,10.56
108,Hasan Abdal,PK,2021-10-12 23:32:20,30.4333,72.7,72.97,40,0,1.9
109,Vila Velha,BR,2021-10-12 23:27:42,-20.3297,-40.2925,69.75,94,75,3.44
110,San Cristobal,VE,2021-10-12 23:28:51,7.7669,-72.225,78.98,97,100,4.29
111,Balaka,MW,2021-10-12 23:32:21,-14.9793,34.9558,64.54,47,17,2.84
112,Guilin,CN,2021-10-12 23:32:22,25.2819,110.2864,66.31,67,81,10.22
113,Chuy,UY,2021-10-12 23:32:22,-33.6971,-53.4616,60.48,96,47,5.66
114,Chicama,PE,2021-10-12 23:32:23,-7.8447,-79.1469,59.54,82,49,9.13
115,Powell River,CA,2021-10-12 23:32:23,49.8496,-124.5361,48.2,93,90,11.5
116,Shingu,JP,2021-10-12 23:32:24,33.7333,135.9833,76.19,81,100,5.41
117,Champerico,GT,2021-10-12 23:32:25,14.3,-91.9167,88.34,79,49,4.65
118,Port Moresby,PG,2021-10-12 23:32:25,-9.4431,147.1797,83.62,74,20,4.61
119,Marsh Harbour,BS,2021-10-12 23:32:26,26.5412,-77.0636,81.54,70,55,9.31
120,Hobyo,SO,2021-10-12 23:30:01,5.3505,48.5268,77.43,82,100,22.24
121,Catuday,PH,2021-10-12 23:32:27,16.2923,119.8062,78.06,87,100,15.61
122,Port Elizabeth,ZA,2021-10-12 23:30:49,-33.918,25.5701,59.29,94,75,4.61
123,Imphal,IN,2021-10-12 23:32:27,24.8167,93.95,68.45,95,14,2.53
124,Oga,IT,2021-10-12 23:32:28,46.4631,10.347,38.08,92,66,5.57
125,Riberalta,BO,2021-10-12 23:30:42,-10.9833,-66.1,89.8,62,36,5.75
126,Saint George,US,2021-10-12 23:32:29,37.1041,-113.5841,56.62,48,90,4.0
127,Hualmay,PE,2021-10-12 23:28:29,-11.0964,-77.6139,63.64,83,49,13.94
128,San Patricio,US,2021-10-12 23:32:30,28.017,-97.5169,87.89,78,32,17.87
129,Nizhnevartovsk,RU,2021-10-12 23:32:31,60.9344,76.5531,32.02,74,90,6.71
130,Souillac,MU,2021-10-12 23:32:32,-20.5167,57.5167,72.36,94,20,2.3
131,Port Alfred,ZA,2021-10-12 23:32:32,-33.5906,26.891,61.57,86,81,2.26
132,Saint-Philippe,RE,2021-10-12 23:32:33,-21.3585,55.7679,72.99,89,65,4.52
133,Saskylakh,RU,2021-10-12 23:32:33,71.9167,114.0833,6.06,98,98,4.99
134,Constitucion,CL,2021-10-12 23:32:34,-35.3333,-72.4167,51.35,87,9,1.45
135,Burns Lake,CA,2021-10-12 23:32:34,54.2331,-125.7533,45.82,56,84,8.95
136,Kloulklubed,PW,2021-10-12 23:32:35,7.0419,134.2556,77.5,73,92,11.65
137,Khatanga,RU,2021-10-12 23:32:36,71.9667,102.5,11.01,96,100,7.14
138,Klyuchi,RU,2021-10-12 23:32:36,52.2667,79.1667,36.03,77,96,9.64
139,Talnakh,RU,2021-10-12 23:32:37,69.4865,88.3972,17.17,96,99,5.12
140,Teya,RU,2021-10-12 23:32:37,60.3778,92.6267,24.73,78,99,1.63
141,Freeport,US,2021-10-12 23:31:10,40.6576,-73.5832,67.98,76,1,1.01
142,Bengkulu,ID,2021-10-12 23:32:38,-3.8004,102.2655,75.69,90,99,2.71
143,Pekan,MY,2021-10-12 23:32:38,3.4836,103.3996,78.91,76,99,5.03
144,Dafeng,CN,2021-10-12 23:32:39,23.4517,108.5881,67.78,68,63,13.06
145,Kaitangata,NZ,2021-10-12 23:32:39,-46.2817,169.8464,46.74,66,100,11.97
146,Bagli,IN,2021-10-12 23:32:40,22.65,76.35,71.01,63,2,3.47
147,Terra Nova,BR,2021-10-12 23:29:29,-12.3667,-40.6667,69.58,89,63,5.5
148,Ribeira Grande,PT,2021-10-12 23:32:40,38.5167,-28.7,69.91,69,87,7.11
149,Alexandria,EG,2021-10-12 23:32:41,31.2156,29.9553,75.92,68,36,8.41
150,Genhe,CN,2021-10-12 23:31:05,50.7833,121.5167,41.34,66,100,2.95
151,Kapaa,US,2021-10-12 23:32:42,22.0752,-159.319,84.18,78,75,5.01
152,Tessalit,ML,2021-10-12 23:32:43,20.1986,1.0114,83.14,12,46,9.26
153,Esperance,AU,2021-10-12 23:32:43,-33.8667,121.9,57.04,67,78,22.68
154,Tondano,ID,2021-10-12 23:32:44,1.3038,124.9112,71.69,67,100,2.21
155,Saldanha,ZA,2021-10-12 23:32:44,-33.0117,17.9442,59.05,96,100,7.99
156,Umkomaas,ZA,2021-10-12 23:32:45,-30.2067,30.7978,67.6,81,89,3.69
157,Lompoc,US,2021-10-12 23:32:45,34.6391,-120.4579,73.69,53,1,20.71
158,Esmeraldas,BR,2021-10-12 23:32:46,-19.7625,-44.3139,68.86,88,33,10.85
159,Carnarvon,AU,2021-10-12 23:32:47,-24.8667,113.6333,60.87,55,0,16.11
160,Dunedin,NZ,2021-10-12 23:32:28,-45.8742,170.5036,47.8,70,100,15.01
161,Paamiut,GL,2021-10-12 23:32:47,61.994,-49.6678,37.31,86,90,9.13
162,Atbasar,KZ,2021-10-12 23:32:48,51.8,68.3333,43.38,68,99,9.13
163,Russell,US,2021-10-12 23:32:48,32.3502,-85.1999,78.4,87,1,0.0
164,Shakawe,BW,2021-10-12 23:32:49,-18.3667,21.85,64.35,34,0,4.56
165,Victoria,HK,2021-10-12 23:29:55,22.2855,114.1577,79.32,94,100,4.0
166,Palmer,US,2021-10-12 23:32:50,42.1584,-72.3287,64.31,82,20,0.0
167,Mahebourg,MU,2021-10-12 23:32:50,-20.4081,57.7,72.25,94,20,2.3
168,Airai,TL,2021-10-12 23:32:51,-8.9266,125.4092,74.03,49,91,2.71
169,Cap Malheureux,MU,2021-10-12 23:28:57,-19.9842,57.6142,72.46,87,4,5.01
170,Zabaykalsk,RU,2021-10-12 23:32:52,49.6333,117.3167,43.32,57,100,6.46
171,Karagaylinskiy,RU,2021-10-12 23:32:52,54.172,86.5521,27.54,87,100,3.96
172,Aanekoski,FI,2021-10-12 23:32:53,62.6946,25.818,40.68,89,68,0.94
173,Madera,US,2021-10-12 23:28:41,37.1666,-119.8343,69.37,14,0,3.24
174,Gengenbach,DE,2021-10-12 23:32:53,48.4,8.0167,51.69,86,93,2.48
175,Tiksi,RU,2021-10-12 23:32:54,71.6872,128.8694,18.48,92,91,10.67
176,Comodoro Rivadavia,AR,2021-10-12 23:32:54,-45.8667,-67.5,55.26,54,0,6.91
177,Vestmanna,FO,2021-10-12 23:32:55,62.1564,-7.1664,47.32,100,90,3.44
178,Los Llanos De Aridane,ES,2021-10-12 23:31:00,28.6585,-17.9182,65.95,87,0,8.05
179,San Quintin,MX,2021-10-12 23:32:55,30.4833,-115.95,65.1,47,0,21.21
180,Nantucket,US,2021-10-12 23:32:56,41.2835,-70.0995,61.14,85,1,4.61
181,Bethel,US,2021-10-12 23:32:56,41.3712,-73.414,64.08,85,1,0.0
182,Morro Bay,US,2021-10-12 23:32:57,35.3658,-120.8499,72.48,40,0,3.0
183,Helong,CN,2021-10-12 23:32:57,42.5397,128.9972,53.1,70,0,2.95
184,Yellowknife,CA,2021-10-12 23:32:31,62.456,-114.3525,43.41,78,75,13.8
185,Dutlwe,BW,2021-10-12 23:32:58,-23.9833,23.9,64.17,18,72,8.08
186,Matagami,CA,2021-10-12 23:32:58,49.7502,-77.6328,62.71,100,90,4.61
187,Clyde River,CA,2021-10-12 23:32:59,70.4692,-68.5914,31.75,83,98,2.89
188,Olinda,BR,2021-10-12 23:33:00,-8.0089,-34.8553,80.33,69,0,4.61
189,Matara,LK,2021-10-12 23:33:00,5.9485,80.5353,78.94,85,87,12.15
190,Flin Flon,CA,2021-10-12 23:33:01,54.7682,-101.865,39.04,87,90,8.05
191,Ilo,PE,2021-10-12 23:33:01,-17.6394,-71.3375,61.32,85,90,5.55
192,Noumea,NC,2021-10-12 23:29:34,-22.2763,166.4572,75.0,99,100,9.55
193,Lazaro Cardenas,MX,2021-10-12 23:33:02,17.9583,-102.2,82.56,81,20,7.29
194,Pangai,TO,2021-10-12 23:33:03,-19.8,-174.35,78.91,50,20,8.05
195,Marsa Matruh,EG,2021-10-12 23:33:03,31.3525,27.2453,72.82,81,56,6.46
196,Fairbanks,US,2021-10-12 23:31:12,64.8378,-147.7164,37.31,74,90,1.01
197,Tuktoyaktuk,CA,2021-10-12 23:32:43,69.4541,-133.0374,26.6,93,40,11.5
198,Veraval,IN,2021-10-12 23:33:04,20.9,70.3667,81.09,77,4,9.08
199,Redding,US,2021-10-12 23:33:05,40.5865,-122.3917,71.4,15,1,3.0
200,Dong Hoi,VN,2021-10-12 23:33:05,17.4833,106.6,76.14,76,98,19.08
201,Port Said,EG,2021-10-12 23:33:06,31.2565,32.2841,77.9,68,66,14.41
202,Kruisfontein,ZA,2021-10-12 23:32:46,-34.0033,24.7314,56.88,86,87,1.9
203,Rafai,CF,2021-10-12 23:33:07,4.95,23.9167,67.46,98,66,0.31
204,Montenegro,ME,2021-10-12 23:33:08,42.5,19.3,49.75,47,20,10.36
205,Thompson,CA,2021-10-12 23:30:27,55.7435,-97.8558,44.76,93,90,4.61
206,Tommot,RU,2021-10-12 23:33:08,58.9564,126.2925,23.85,67,5,9.13
207,Kodiak,US,2021-10-12 23:31:41,57.79,-152.4072,43.68,72,99,1.92
208,Ancud,CL,2021-10-12 23:33:09,-41.8697,-73.8203,53.42,92,33,8.61
209,Susangerd,IR,2021-10-12 23:33:09,31.5608,48.1831,68.02,15,0,6.93
210,Tuatapere,NZ,2021-10-12 23:33:10,-46.1333,167.6833,46.36,69,98,3.89
211,Taoudenni,ML,2021-10-12 23:33:10,22.6783,-3.9836,89.96,9,59,8.97
212,Ibra,OM,2021-10-12 23:33:11,22.6906,58.5334,78.66,36,0,5.21
213,Nageshwari,BD,2021-10-12 23:33:11,25.9377,89.7148,76.08,83,11,4.85
214,Dzhebariki-Khaya,RU,2021-10-12 23:33:12,62.2167,135.8,23.85,82,98,5.61
215,Waipawa,NZ,2021-10-12 23:33:13,-41.4122,175.5153,47.03,95,100,24.52
216,Calvinia,ZA,2021-10-12 23:33:13,-31.4707,19.776,64.2,19,100,3.78
217,Maltahohe,NA,2021-10-12 23:33:14,-24.8333,16.9833,69.49,21,44,3.4
218,Soni,TZ,2021-10-12 23:33:14,-4.85,38.3667,59.7,93,100,2.55
219,Raymondville,US,2021-10-12 23:29:03,26.4815,-97.7831,89.82,53,5,17.94
220,Hasaki,JP,2021-10-12 23:33:15,35.7333,140.8333,63.28,85,100,21.32
221,Sur,OM,2021-10-12 23:33:16,22.5667,59.5289,79.52,49,0,3.36
222,Rathenow,DE,2021-10-12 23:33:16,52.6066,12.337,45.1,82,6,5.99
223,Sao Felix Do Xingu,BR,2021-10-12 23:33:17,-6.6447,-51.995,79.7,72,80,1.61
224,Ahuimanu,US,2021-10-12 23:33:18,21.4447,-157.8378,87.51,75,90,16.11
225,Eidsvag,NO,2021-10-12 23:33:18,62.7767,8.0668,43.45,97,100,3.69
226,Prince Rupert,CA,2021-10-12 23:33:19,54.3161,-130.3201,50.09,72,90,10.36
227,Innisfail,AU,2021-10-12 23:33:19,-17.5333,146.0333,84.07,53,24,4.92
228,Raga,SS,2021-10-12 23:33:20,8.4596,25.678,69.21,96,100,1.68
229,Ludvika,SE,2021-10-12 23:33:20,60.1496,15.1878,34.61,82,30,4.5
230,Plettenberg Bay,ZA,2021-10-12 23:33:21,-34.0527,23.3716,59.27,65,100,2.37
231,Dikson,RU,2021-10-12 23:33:21,73.5069,80.5464,27.36,78,91,18.43
232,Melfort,CA,2021-10-12 23:33:22,52.8667,-104.6177,46.53,42,10,4.61
233,Hofn,IS,2021-10-12 23:33:22,64.2539,-15.2082,44.55,89,100,5.82
234,Codrington,AU,2021-10-12 23:33:23,-38.2667,141.9667,61.52,67,100,17.43
235,Ribas Do Rio Pardo,BR,2021-10-12 23:33:24,-20.4431,-53.7592,76.1,54,11,6.69
236,Romans-Sur-Isere,FR,2021-10-12 23:33:24,45.0464,5.0562,52.84,80,48,11.7
237,East London,ZA,2021-10-12 23:33:25,-33.0153,27.9116,64.74,82,100,2.62
238,Arman,RU,2021-10-12 23:33:25,59.7,150.1667,31.64,64,90,2.68
239,Lorengau,PG,2021-10-12 23:33:26,-2.0226,147.2712,85.93,68,28,9.22
240,Chapais,CA,2021-10-12 23:33:27,49.7834,-74.8492,62.38,95,100,2.48
241,Tateyama,JP,2021-10-12 23:33:27,34.9833,139.8667,66.47,84,100,17.6
242,Mildura,AU,2021-10-12 23:32:00,-34.2,142.15,69.08,45,2,14.97
243,Zhireken,RU,2021-10-12 23:33:28,52.8249,117.3076,38.68,84,93,3.33
244,Cabedelo,BR,2021-10-12 23:33:29,-6.9811,-34.8339,77.67,74,88,10.25
245,Adrar,MR,2021-10-12 23:33:29,20.5022,-10.0711,84.67,12,69,3.09
246,Longyearbyen,SJ,2021-10-12 23:29:34,78.2186,15.6401,28.24,86,75,6.91
247,Tura,IN,2021-10-12 23:33:30,25.5198,90.2201,73.49,85,55,2.84
248,Cibitoke,BI,2021-10-12 23:33:30,-2.8833,29.25,62.56,66,45,4.65
249,Zhezkazgan,KZ,2021-10-12 23:33:31,47.8043,67.7144,36.01,46,7,8.7
250,Aguacatan,GT,2021-10-12 23:33:32,15.3431,-91.3117,80.33,47,20,6.91
251,Belyy Yar,RU,2021-10-12 23:29:52,53.6039,91.3903,30.09,100,75,4.47
252,Kolokani,ML,2021-10-12 23:33:32,13.5728,-8.0339,77.9,67,87,3.24
253,Aswan,EG,2021-10-12 23:33:33,24.0934,32.907,86.23,26,38,12.71
254,Lao Cai,VN,2021-10-12 23:33:33,22.4833,103.95,70.0,79,79,3.33
255,Seybaplaya,MX,2021-10-12 23:33:34,19.65,-90.6667,87.26,77,3,14.29
256,Pocone,BR,2021-10-12 23:33:34,-16.2567,-56.6228,84.47,59,55,3.09
257,Seguela,CI,2021-10-12 23:33:35,7.9611,-6.6731,74.34,81,87,5.41
258,Esmeralda,CU,2021-10-12 23:33:35,21.8525,-78.1169,79.84,87,84,5.08
259,Cayenne,GF,2021-10-12 23:28:43,4.9333,-52.3333,83.08,82,75,1.99
260,Faanui,PF,2021-10-12 23:33:36,-16.4833,-151.75,80.19,76,84,11.32
261,San Andres,CO,2021-10-12 23:33:36,12.5847,-81.7006,84.22,74,40,6.91
262,Conakry,GN,2021-10-12 23:33:37,9.538,-13.6773,80.67,94,75,4.61
263,Iqaluit,CA,2021-10-12 23:30:03,63.7506,-68.5145,35.33,93,75,23.0
264,Yantai,CN,2021-10-12 23:30:07,37.5333,121.4,65.26,63,31,4.36
265,Sidrolandia,BR,2021-10-12 23:33:38,-20.9319,-54.9614,81.39,57,2,8.95
266,Saint-Francois,FR,2021-10-12 23:33:38,46.4154,3.9054,47.68,93,0,0.0
267,Pinhao,BR,2021-10-12 23:33:39,-25.6956,-51.6597,56.95,79,2,1.9
268,Lyaskelya,RU,2021-10-12 23:33:39,61.7667,31.0167,44.87,83,100,4.81
269,Swellendam,ZA,2021-10-12 23:33:40,-34.0226,20.4417,52.18,66,100,2.55
270,Thinadhoo,MV,2021-10-12 23:33:41,0.5333,72.9333,83.75,69,78,17.36
271,Yining,CN,2021-10-12 23:33:41,29.0361,114.5636,63.93,74,93,3.96
272,Amravati,IN,2021-10-12 23:33:42,20.9333,77.75,71.89,70,9,3.94
273,Horki,BY,2021-10-12 23:33:42,54.2861,30.9842,43.61,90,100,3.53
274,Jiangyou,CN,2021-10-12 23:33:43,31.7667,104.7167,59.67,88,100,1.97
275,Mar Del Plata,AR,2021-10-12 23:33:43,-38.0023,-57.5575,59.02,64,90,10.0
276,Grand-Santi,GF,2021-10-12 23:33:44,4.25,-54.3833,78.35,81,80,4.25
277,Pevek,RU,2021-10-12 23:33:44,69.7008,170.3133,16.83,90,94,2.93
278,Bridlington,GB,2021-10-12 23:33:45,54.0831,-0.1919,49.05,77,31,6.78
279,Volnovakha,UA,2021-10-12 23:33:46,47.601,37.4967,49.95,85,65,8.03
280,Makakilo City,US,2021-10-12 23:33:46,21.3469,-158.0858,86.32,65,75,13.8
281,Darnah,LY,2021-10-12 23:33:47,32.767,22.6367,71.33,67,82,10.83
282,Kavaratti,IN,2021-10-12 23:33:48,10.5669,72.642,82.11,81,100,22.41
283,Bilibino,RU,2021-10-12 23:33:48,68.0546,166.4372,4.86,87,14,3.02
284,Troitsko-Pechorsk,RU,2021-10-12 23:33:49,62.7084,56.1964,35.98,95,90,5.06
285,Kamenka,RU,2021-10-12 23:29:35,51.3223,42.7678,52.27,39,87,13.0
286,Kudahuvadhoo,MV,2021-10-12 23:33:50,2.6708,72.8944,83.44,72,52,17.87
287,Nishihara,JP,2021-10-12 23:33:50,26.1842,127.7558,81.68,92,75,12.66
288,Mareeba,AU,2021-10-12 23:33:51,-17.0,145.4333,79.48,33,5,0.69
289,Grindavik,IS,2021-10-12 23:33:51,63.8424,-22.4338,48.15,100,90,18.41
290,Bambous Virieux,MU,2021-10-12 23:33:52,-20.3428,57.7575,72.21,94,20,2.3
291,Popondetta,PG,2021-10-12 23:33:52,-8.7537,148.2534,81.84,85,30,2.95
292,Kargil,IN,2021-10-12 23:33:53,34.5667,76.1,36.86,48,0,3.47
293,Vardo,NO,2021-10-12 23:33:53,70.3705,31.1107,41.77,84,100,20.04
294,Port Hardy,CA,2021-10-12 23:33:54,50.6996,-127.4199,48.38,76,40,9.22
295,Touros,BR,2021-10-12 23:33:54,-5.1989,-35.4608,77.9,72,31,13.42
296,Batagay-Alyta,RU,2021-10-12 23:33:55,67.8006,130.4114,21.02,94,100,3.96
297,Lavrentiya,RU,2021-10-12 23:33:55,65.5833,-171.0,32.45,79,100,11.18
298,Hurghada,EG,2021-10-12 23:29:32,27.2574,33.8129,80.33,52,6,14.07
299,Sierra Vista,US,2021-10-12 23:31:24,31.5545,-110.3037,66.69,27,1,19.57
300,Kainan,JP,2021-10-12 23:33:56,34.15,135.2,77.0,77,91,3.87
301,Valparaiso,CL,2021-10-12 23:31:34,-33.0393,-71.6273,55.04,82,40,8.05
302,Pisco,PE,2021-10-12 23:33:57,-13.7,-76.2167,63.01,77,0,14.97
303,Necochea,AR,2021-10-12 23:33:58,-38.5473,-58.7368,59.04,96,44,9.55
304,Torbay,CA,2021-10-12 23:33:58,47.6666,-52.7314,48.58,96,90,19.57
305,Lakes Entrance,AU,2021-10-12 23:33:59,-37.8811,147.981,62.17,52,58,9.06
306,Luganville,VU,2021-10-12 23:34:00,-15.5333,167.1667,83.08,77,73,9.95
307,Chandler,US,2021-10-12 23:31:52,33.3062,-111.8412,71.46,17,1,4.0
308,Liaoyang,CN,2021-10-12 23:34:01,41.2719,123.1731,57.36,74,0,4.56
309,Vigrestad,NO,2021-10-12 23:34:01,58.5667,5.7,45.59,63,98,23.09
310,Caravelas,BR,2021-10-12 23:34:02,-17.7125,-39.2481,71.69,85,100,7.58
311,Yulara,AU,2021-10-12 23:34:03,-25.2406,130.9889,60.64,23,0,10.36
312,Izhma,RU,2021-10-12 23:34:03,65.0083,53.9113,37.65,91,98,7.36
313,La Asuncion,VE,2021-10-12 23:34:04,11.0333,-63.8628,80.87,84,23,12.01
314,Harbour Breton,CA,2021-10-12 23:34:05,47.4833,-55.7983,51.01,81,67,13.62
315,Chumikan,RU,2021-10-12 23:34:05,54.7183,135.315,35.55,98,100,10.36
316,Taltal,CL,2021-10-12 23:34:06,-25.4,-70.4833,58.69,76,55,8.16
317,Camacha,PT,2021-10-12 23:34:07,33.0833,-16.3333,65.62,73,20,4.61
318,Alekseyevsk,RU,2021-10-12 23:34:07,57.8406,108.3492,21.97,60,51,4.12
319,Hambantota,LK,2021-10-12 23:34:08,6.1241,81.1185,77.34,94,80,4.61
320,Orizatlan,MX,2021-10-12 23:34:08,21.1833,-98.6167,82.17,80,31,2.44
321,Uvat,RU,2021-10-12 23:34:09,59.1433,68.8953,37.83,99,100,4.07
322,Vila Franca Do Campo,PT,2021-10-12 23:34:10,37.7167,-25.4333,68.41,88,50,1.48
323,Namatanai,PG,2021-10-12 23:34:10,-3.6667,152.4333,85.06,64,97,8.63
324,Jiwani,PK,2021-10-12 23:34:11,25.05,61.7417,79.43,30,0,10.6
325,Smithers,CA,2021-10-12 23:31:58,54.7804,-127.1743,50.32,37,20,0.0
326,Klaksvik,FO,2021-10-12 23:34:12,62.2266,-6.589,49.12,99,100,11.23
327,Harer,ET,2021-10-12 23:34:12,9.3094,42.1258,57.88,87,64,2.17
328,Tarko-Sale,RU,2021-10-12 23:34:12,64.9225,77.785,25.79,73,88,11.79
329,Whitehorse,CA,2021-10-12 23:30:17,60.7161,-135.0538,42.03,70,75,11.99
330,Tezu,IN,2021-10-12 23:34:13,27.9167,96.1667,74.43,61,2,4.05
331,Benjamin Constant,BR,2021-10-12 23:34:14,-4.3831,-70.0311,77.13,88,91,1.32
332,Newport,GB,2021-10-12 23:30:29,51.5877,-2.9984,56.62,88,100,5.39
333,Bilma,NE,2021-10-12 23:32:53,18.6853,12.9164,80.69,12,2,13.06
334,Merritt Island,US,2021-10-12 23:34:14,28.5392,-80.672,82.67,79,20,5.75
335,Nouadhibou,MR,2021-10-12 23:34:15,20.931,-17.0347,67.98,88,0,13.8
336,Boromo,BF,2021-10-12 23:34:15,11.75,-2.9333,82.47,56,60,7.67
337,Manokwari,ID,2021-10-12 23:34:16,-0.8667,134.0833,84.07,68,78,2.39
338,Chake Chake,TZ,2021-10-12 23:34:16,-5.2459,39.7666,74.75,86,100,8.72
339,Ostrovnoy,RU,2021-10-12 23:34:10,68.0531,39.5131,42.91,85,98,17.49
340,Banda Aceh,ID,2021-10-12 23:34:17,5.5577,95.3222,80.42,74,96,13.89
341,Zigong,CN,2021-10-12 23:34:17,29.3416,104.7769,61.65,90,100,1.79
342,Viedma,AR,2021-10-12 23:30:30,-40.8135,-62.9967,59.49,86,97,13.15
343,Oksovskiy,RU,2021-10-12 23:34:18,62.6062,39.8984,40.84,86,97,6.2
344,Taybad,IR,2021-10-12 23:34:19,34.74,60.7756,48.52,26,0,7.2
345,Carlsbad,US,2021-10-12 23:34:05,33.1581,-117.3506,72.99,39,1,7.0
346,Svetlaya,RU,2021-10-12 23:34:20,46.5389,138.3297,52.83,45,0,2.19
347,Araouane,ML,2021-10-12 23:34:20,18.9048,-3.5265,86.27,10,41,6.42
348,Jackson,US,2021-10-12 23:30:33,42.4165,-122.8345,59.76,30,75,4.61
349,Maniitsoq,GL,2021-10-12 23:34:21,65.4167,-52.9,37.36,65,54,5.66
350,Kabare,CD,2021-10-12 23:34:21,-2.4683,28.8242,59.76,87,53,2.17
351,Emporia,US,2021-10-12 23:31:05,38.4039,-96.1817,72.52,43,90,10.36
352,Katherine,AU,2021-10-12 23:34:22,-14.4667,132.2667,86.32,58,0,12.66
353,Sisimiut,GL,2021-10-12 23:34:22,66.9395,-53.6735,33.75,69,22,9.35
354,Norman Wells,CA,2021-10-12 23:34:25,65.282,-126.8329,37.44,70,90,18.41
355,Shetpe,KZ,2021-10-12 23:34:25,44.1667,52.1167,51.75,35,1,14.58
356,Tayu,ID,2021-10-12 23:34:26,-6.5397,111.0518,80.85,67,99,7.34
357,Owando,CG,2021-10-12 23:34:26,-0.4819,15.8999,72.14,88,13,2.57
358,Kijang,KR,2021-10-12 23:34:27,35.2442,129.2139,67.73,76,80,16.24
359,Narsaq,GL,2021-10-12 23:34:28,60.9167,-46.05,37.62,70,12,1.59
360,Huarmey,PE,2021-10-12 23:34:28,-10.0681,-78.1522,63.64,85,37,12.97
361,Ayagoz,KZ,2021-10-12 23:34:28,47.9714,80.4392,26.76,71,1,5.03
362,Rayagada,IN,2021-10-12 23:34:29,19.1667,83.4167,73.24,91,46,3.22
363,Kahului,US,2021-10-12 23:33:36,20.8947,-156.47,85.26,79,40,24.16
364,Erzin,TR,2021-10-12 23:34:30,36.9559,36.2,70.52,85,79,3.8
365,Svetlyy,RU,2021-10-12 23:34:30,54.675,20.1347,41.05,83,47,7.25
366,Acajutla,SV,2021-10-12 23:34:31,13.5928,-89.8275,93.54,78,57,3.36
367,Nalut,LY,2021-10-12 23:34:32,30.3333,10.85,64.71,32,4,1.39
368,Angouleme,FR,2021-10-12 23:34:32,45.65,0.15,50.04,87,0,5.75
369,Codo,BR,2021-10-12 23:34:33,-4.4553,-43.8856,84.13,60,91,7.65
370,Lagoa,PT,2021-10-12 23:34:33,39.05,-27.9833,69.12,69,71,7.78
371,Miandrivazo,MG,2021-10-12 23:34:34,-19.5167,45.4667,77.14,70,80,1.19
372,Aktau,KZ,2021-10-12 23:34:34,43.65,51.2,48.78,40,4,20.83
373,Tsotilion,GR,2021-10-12 23:34:35,40.2667,21.3167,46.22,85,99,2.48
374,Sistranda,NO,2021-10-12 23:34:35,63.7256,8.834,41.9,59,93,17.13
375,Kabompo,ZM,2021-10-12 23:34:36,-13.5927,24.2008,70.0,33,0,9.31
376,Florianopolis,BR,2021-10-12 23:34:25,-27.6146,-48.5012,68.43,90,75,1.01
377,Guntakal,IN,2021-10-12 23:34:37,15.1667,77.3833,76.35,67,73,3.53
378,Cabo San Lucas,MX,2021-10-12 23:34:37,22.8909,-109.9124,82.71,78,90,5.01
379,Ust-Maya,RU,2021-10-12 23:34:38,60.4167,134.5333,25.66,66,78,9.46
380,San Antonio,US,2021-10-12 23:31:04,29.4241,-98.4936,84.65,79,75,10.36
381,Tortoli,IT,2021-10-12 23:34:39,39.9256,9.6572,60.62,82,20,18.41
382,Charagua,BO,2021-10-12 23:34:39,-19.8,-63.2167,78.37,61,60,5.88
383,Mount Isa,AU,2021-10-12 23:34:31,-20.7333,139.5,74.97,64,3,5.75
384,Yumen,CN,2021-10-12 23:34:40,40.2833,97.2,42.44,28,82,1.79
385,Aklavik,CA,2021-10-12 23:33:04,68.2191,-135.0107,27.43,80,90,8.05
386,Poum,NC,2021-10-12 23:34:41,-20.2333,164.0167,73.33,87,88,21.59
387,Porto Santo,PT,2021-10-12 23:34:41,33.072,-16.3415,68.38,73,20,4.61
388,Prado,BR,2021-10-12 23:34:42,-17.3411,-39.2208,72.43,83,96,8.7
389,Sibolga,ID,2021-10-12 23:34:42,1.7427,98.7792,77.56,83,99,1.63
390,Riyadh,SA,2021-10-12 23:33:58,24.6877,46.7219,71.74,11,0,1.88
391,Bandarbeyla,SO,2021-10-12 23:33:36,9.4942,50.8122,77.83,89,69,16.98
392,Atherton,GB,2021-10-12 23:34:43,53.5237,-2.4935,56.1,94,85,2.84
393,Zhigansk,RU,2021-10-12 23:34:44,66.7697,123.3711,14.77,96,100,3.42
394,Kamina,CD,2021-10-12 23:34:44,-8.7386,24.9906,65.35,85,34,4.94
395,Jiayuguan,CN,2021-10-12 23:34:45,39.8167,98.3,40.19,29,66,4.32
396,Japura,ID,2021-10-12 23:34:45,-0.3167,102.35,76.26,93,99,1.66
397,Toronto,CA,2021-10-12 23:33:50,43.7001,-79.4163,71.37,86,1,1.01
398,Vao,NC,2021-10-12 23:34:46,-22.6667,167.4833,68.83,92,100,20.6
399,Rio Gallegos,AR,2021-10-12 23:34:46,-51.6226,-69.2181,57.25,26,90,18.41
400,Korla,CN,2021-10-12 23:30:32,41.7597,86.1469,49.15,31,38,10.09
401,Namibe,AO,2021-10-12 23:34:47,-15.1961,12.1522,68.07,89,75,4.18
402,Presidente Dutra,BR,2021-10-12 23:34:48,-5.29,-44.49,86.7,42,52,2.08
403,Berberati,CF,2021-10-12 23:34:48,4.2612,15.7922,69.42,95,79,1.72
404,Salalah,OM,2021-10-12 23:34:49,17.0151,54.0924,75.29,60,0,3.44
405,Chililabombwe,ZM,2021-10-12 23:34:50,-12.3648,27.8229,63.09,58,55,6.49
406,Kyra,RU,2021-10-12 23:34:51,49.5776,111.9753,36.25,67,23,4.63
407,Khanpur,PK,2021-10-12 23:34:51,28.6453,70.6567,77.22,20,0,4.65
408,George,ZA,2021-10-12 23:34:52,-33.963,22.4617,54.95,94,90,3.44
409,Isabela,PH,2021-10-12 23:34:53,6.7085,121.9711,78.85,78,100,3.24
410,Brockville,CA,2021-10-12 23:30:57,44.5834,-75.6826,68.77,80,3,6.17
411,Hinton,CA,2021-10-12 23:34:53,53.4001,-117.5857,42.84,35,97,3.78
412,Ronne,DK,2021-10-12 23:34:54,55.1009,14.7066,44.51,81,68,5.75
413,Nuuk,GL,2021-10-12 23:34:55,64.1835,-51.7216,34.41,93,20,1.14
414,Piacabucu,BR,2021-10-12 23:34:56,-10.4056,-36.4344,76.46,79,55,10.78
415,Normandin,CA,2021-10-12 23:34:57,48.8333,-72.5321,66.51,88,100,2.3
416,Yurimaguas,PE,2021-10-12 23:34:58,-5.9,-76.0833,81.07,71,77,1.61
417,San Fernando,PH,2021-10-12 23:34:58,15.0286,120.6898,80.96,96,100,2.06
418,Mambajao,PH,2021-10-12 23:34:59,9.2504,124.7156,83.26,79,88,4.25
419,Agadir,MA,2021-10-12 23:34:59,30.4202,-9.5982,66.65,89,0,4.21
420,Sadiqabad,PK,2021-10-12 23:35:00,28.3062,70.1307,77.41,21,0,3.94
421,Andros Town,BS,2021-10-12 23:35:01,24.7,-77.7667,80.56,70,69,11.41
422,Marawi,PH,2021-10-12 23:35:01,7.9986,124.2928,70.65,62,49,2.46
423,Urusha,RU,2021-10-12 23:35:02,54.05,122.9,33.28,70,100,10.09
424,Canakkale,TR,2021-10-12 23:35:03,40.0833,26.8333,54.21,93,74,4.63
425,Faya,SA,2021-10-12 23:35:04,18.3851,42.4509,59.11,20,33,5.97
426,Hajnowka,PL,2021-10-12 23:35:05,52.7433,23.5812,43.81,77,72,4.36
427,Micheweni,TZ,2021-10-12 23:35:06,-4.9667,39.8333,75.78,85,99,10.38
428,Scarborough,GB,2021-10-12 23:35:06,54.2797,-0.4044,49.08,87,40,1.01
429,Sakakah,SA,2021-10-12 23:35:07,29.9697,40.2064,80.17,16,84,10.78
430,Rorvik,NO,2021-10-12 23:35:08,64.8621,11.2373,46.4,60,100,13.51
431,Policoro,IT,2021-10-12 23:35:08,40.2115,16.6726,56.91,83,17,8.28
432,Paragominas,BR,2021-10-12 23:35:09,-2.9667,-47.4833,83.93,53,81,7.58
433,Svay Rieng,KH,2021-10-12 23:35:09,11.0879,105.7993,76.44,88,100,8.41
434,Tabou,CI,2021-10-12 23:35:10,4.423,-7.3528,76.55,92,49,7.09
435,Ciudad Guayana,VE,2021-10-12 23:35:10,8.3533,-62.6528,83.01,65,81,5.73
436,Weyburn,CA,2021-10-12 23:34:05,49.6668,-103.8511,43.02,49,99,9.22
437,Port-Gentil,GA,2021-10-12 23:35:11,-0.7193,8.7815,78.76,89,75,9.22
438,Pumiao,CN,2021-10-12 23:35:12,22.75,108.4833,70.2,67,99,16.67
439,Port Lincoln,AU,2021-10-12 23:33:04,-34.7333,135.8667,55.27,62,100,18.77
440,Alyangula,AU,2021-10-12 23:35:13,-13.8483,136.4192,84.07,74,33,6.91
441,Naze,JP,2021-10-12 23:35:13,28.3667,129.4833,79.72,76,92,15.14
442,Rio Grande,BR,2021-10-12 23:35:14,-32.035,-52.0986,65.95,93,33,8.08
443,Waslala,NI,2021-10-12 23:35:14,13.2333,-85.3833,88.14,84,14,1.16
444,Teknaf,BD,2021-10-12 23:35:15,20.8624,92.3058,79.14,89,61,4.47
445,Dingle,PH,2021-10-12 23:33:52,10.9995,122.6711,81.93,84,99,11.36
446,Wewak,PG,2021-10-12 23:35:15,-3.5534,143.6268,82.31,83,61,6.46
447,Oistins,BB,2021-10-12 23:35:16,13.0667,-59.5333,82.49,83,75,16.11
448,Belawan,ID,2021-10-12 23:35:16,3.7755,98.6832,77.29,86,96,3.69
449,Kawalu,ID,2021-10-12 23:35:17,-7.3817,108.2082,75.18,77,100,1.1
450,Shelopugino,RU,2021-10-12 23:35:18,51.6514,117.5599,39.51,64,71,1.88
451,Yerbogachen,RU,2021-10-12 23:35:18,61.2767,108.0108,15.84,86,27,3.11
452,Parnamirim,BR,2021-10-12 23:35:18,-5.9156,-35.2628,77.34,83,20,4.61
453,Nizwa,OM,2021-10-12 23:35:19,22.9333,57.5333,78.53,36,1,1.81
454,Mendi,PG,2021-10-12 23:35:19,-6.1761,143.6513,70.57,61,80,2.89
455,Muisne,EC,2021-10-12 23:35:20,0.6,-80.0333,74.73,83,90,8.08
456,Ritchie,ZA,2021-10-12 23:35:20,-29.038,24.6028,69.01,28,60,12.71
457,Wangqing,CN,2021-10-12 23:35:21,43.3218,129.7634,50.76,63,0,2.86
458,Poros,GR,2021-10-12 23:35:22,37.4994,23.4536,65.61,62,8,1.5
459,Terrace,CA,2021-10-12 23:35:22,54.5163,-128.6035,48.11,76,75,24.16
460,Beringovskiy,RU,2021-10-12 23:33:32,63.05,179.3167,21.11,80,45,12.19
461,Haines Junction,CA,2021-10-12 23:35:23,60.7522,-137.5108,40.95,81,98,1.14
462,Vestmannaeyjar,IS,2021-10-12 23:35:24,63.4427,-20.2734,49.3,98,100,11.5
463,Brus Laguna,HN,2021-10-12 23:35:24,15.75,-84.4833,76.71,87,5,3.8
464,Jaciara,BR,2021-10-12 23:35:25,-15.9653,-54.9683,79.12,71,99,2.82
465,Rognan,NO,2021-10-12 23:35:26,67.0953,15.3878,39.06,93,100,3.36
466,Borba,BR,2021-10-12 23:35:27,-4.3878,-59.5939,78.85,76,73,2.71
467,Gobabis,NA,2021-10-12 23:35:27,-22.45,18.9667,64.45,38,2,12.03
468,Mount Pleasant,US,2021-10-12 23:35:28,32.7941,-79.8626,71.01,86,40,0.0
469,Dapaong,TG,2021-10-12 23:35:28,10.8639,0.205,80.46,61,62,4.61
470,Sept-Iles,CA,2021-10-12 23:33:02,50.2001,-66.3821,55.92,90,90,0.0
471,Westport,US,2021-10-12 23:31:01,41.1415,-73.3579,66.34,89,1,1.01
472,Alta Floresta,BR,2021-10-12 23:35:29,-9.8756,-56.0861,77.61,71,42,1.28
473,Chiredzi,ZW,2021-10-12 23:35:29,-21.05,31.6667,64.6,36,0,2.13
474,Mezhdurechenskiy,RU,2021-10-12 23:35:30,59.6,65.9333,41.4,98,100,4.45
475,Konya,TR,2021-10-12 23:30:47,38.1667,32.5,54.88,64,56,4.18
476,Saint-Pierre,RE,2021-10-12 23:30:45,-21.3393,55.4781,73.08,94,75,0.0
477,Bosaso,SO,2021-10-12 23:34:20,11.2842,49.1816,81.46,64,67,4.12
478,Djenne,ML,2021-10-12 23:35:31,13.9061,-4.5533,85.37,44,82,7.58
479,Anadyr,RU,2021-10-12 23:30:56,64.75,177.4833,18.1,85,0,8.01
480,Ciudad Bolivar,VE,2021-10-12 23:35:32,8.1222,-63.5497,84.06,67,60,6.62
481,Lasa,IT,2021-10-12 23:35:32,46.6166,10.7002,45.48,90,84,5.35
482,Kil,SE,2021-10-12 23:35:33,59.5072,13.314,37.29,81,48,8.05
483,Mayor Pablo Lagerenza,PY,2021-10-12 23:35:34,-19.9309,-60.7718,83.8,54,73,5.14
484,Misratah,LY,2021-10-12 23:35:34,32.3754,15.0925,72.16,55,98,10.02
485,Tarnos,FR,2021-10-12 23:35:35,43.5417,-1.4628,53.1,93,0,2.3
486,La Crosse,US,2021-10-12 23:35:05,43.8014,-91.2396,64.13,83,76,2.51
487,Maceio,BR,2021-10-12 23:35:35,-9.6658,-35.7353,76.44,88,0,4.61
488,Oktyabrskoye,RU,2021-10-12 23:35:36,43.0645,44.7417,46.54,100,10,2.24
489,Ola,RU,2021-10-12 23:35:36,59.5833,151.2833,33.28,67,100,2.95
490,Katangli,RU,2021-10-12 23:35:37,51.7102,143.2326,50.63,66,100,15.48
491,Cerritos,US,2021-10-12 23:35:37,33.8583,-118.0648,76.48,30,1,7.0
492,Kibala,TD,2021-10-12 23:35:38,9.1104,18.3463,82.35,78,0,0.0
493,Mbalmayo,CM,2021-10-12 23:35:38,3.5167,11.5,66.33,96,100,0.65
494,Galveston,US,2021-10-12 23:33:25,29.3669,-94.9669,85.21,83,25,1.99
495,Kulhudhuffushi,MV,2021-10-12 23:35:39,6.6221,73.07,82.6,77,81,17.78
496,Coquimbo,CL,2021-10-12 23:35:39,-29.9533,-71.3436,56.93,71,0,9.22
497,Aleksandriya,RU,2021-10-12 23:35:40,45.0947,43.2456,51.84,93,59,13.51
498,Christchurch,NZ,2021-10-12 23:30:53,-43.5333,172.6333,48.9,79,90,10.0
499,Pacific Grove,US,2021-10-12 23:31:02,36.6177,-121.9166,72.61,51,1,8.99
500,Thakurgaon,BD,2021-10-12 23:35:40,26.0333,88.4667,74.62,92,16,4.05
501,Guerrero Negro,MX,2021-10-12 23:35:41,27.9769,-114.0611,68.38,51,0,23.06
502,Suoyarvi,RU,2021-10-12 23:35:41,62.0833,32.35,39.87,93,98,5.39
503,Tolaga Bay,NZ,2021-10-12 23:35:42,-38.3667,178.3,60.93,38,29,7.47
504,Chengde,CN,2021-10-12 23:35:42,40.9725,117.9361,49.57,63,45,2.17
505,Bonfim,BR,2021-10-12 23:35:43,3.0833,-59.95,85.84,56,92,5.48
506,Brae,GB,2021-10-12 23:35:43,60.3964,-1.353,49.91,78,100,11.74
507,Puerto Escondido,MX,2021-10-12 23:35:44,15.85,-97.0667,88.63,55,40,5.75
508,High Level,CA,2021-10-12 23:35:44,58.5169,-117.136,50.11,34,75,12.66
509,Batemans Bay,AU,2021-10-12 23:35:45,-35.7167,150.1833,62.1,67,100,2.55
510,Hutchinson,US,2021-10-12 23:32:11,38.0608,-97.9298,64.35,68,75,12.66
511,Prachin Buri,TH,2021-10-12 23:35:46,14.0833,101.6667,77.07,95,100,1.81
512,Kashi,CN,2021-10-12 23:35:47,39.4547,75.9797,51.01,11,0,11.18
513,Dzilam Gonzalez,MX,2021-10-12 23:35:47,21.2833,-88.9333,79.99,65,3,8.37
514,Deputatskiy,RU,2021-10-12 23:35:47,69.3,139.9,21.6,95,100,3.71
515,Kilindoni,TZ,2021-10-12 23:35:48,-7.9139,39.6668,77.05,79,58,14.76
516,Galdar,ES,2021-10-12 23:35:49,28.147,-15.6502,70.36,71,71,10.6
517,Baillif,GP,2021-10-12 23:35:49,16.0202,-61.7463,76.5,77,100,15.84
518,Terrace Bay,CA,2021-10-12 23:35:49,48.7834,-87.1,58.62,89,100,15.95
519,Hammerfest,NO,2021-10-12 23:33:14,70.6634,23.6821,41.45,75,75,11.5
520,Vorukh,TJ,2021-10-12 23:35:51,39.8494,70.5838,44.31,37,0,3.42
521,Campbell River,CA,2021-10-12 23:35:51,50.0163,-125.2446,45.93,92,90,5.99
522,Porto Novo,BJ,2021-10-12 23:33:18,6.4965,2.6036,80.42,89,80,6.87
523,Sinnamary,GF,2021-10-12 23:35:53,5.3833,-52.95,80.51,83,89,9.91
524,Cherepovets,RU,2021-10-12 23:35:53,59.1333,37.9,43.23,82,100,7.27
525,Wanning,CN,2021-10-12 23:35:54,18.8003,110.3967,70.32,91,100,31.74
526,Northam,GB,2021-10-12 23:35:55,51.0333,-4.2167,55.62,92,68,1.39
527,Nur,PL,2021-10-12 23:35:56,52.6683,22.3221,41.59,90,91,4.52
528,Ramotswa,BW,2021-10-12 23:35:57,-24.8716,25.8699,60.42,24,58,1.88
529,Saint-Louis,SN,2021-10-12 23:35:57,16.3333,-15.0,82.04,40,55,13.62
530,Turukhansk,RU,2021-10-12 23:35:58,65.8167,87.9833,21.09,85,49,0.92
531,Chimbote,PE,2021-10-12 23:34:33,-9.0853,-78.5783,63.01,85,24,11.95
532,Hoi An,VN,2021-10-12 23:35:58,15.8794,108.335,76.96,85,100,10.65
533,Saint Anthony,US,2021-10-12 23:35:59,45.0205,-93.218,63.66,79,90,0.0
534,Terra Santa,BR,2021-10-12 23:35:59,-2.1042,-56.4869,84.56,45,7,3.09
535,Ushtobe,KZ,2021-10-12 23:36:00,45.2514,77.9838,37.26,70,0,8.37
536,Puerto Baquerizo Moreno,EC,2021-10-12 23:32:53,-0.9,-89.6,69.48,86,43,13.29
537,Gigmoto,PH,2021-10-12 23:36:01,13.7796,124.39,82.69,80,98,9.55
538,Tamiahua,MX,2021-10-12 23:36:02,21.2667,-97.45,81.88,87,20,9.55
539,Kushiro,JP,2021-10-12 23:36:02,42.975,144.3747,52.75,87,20,2.3
540,Byron Bay,AU,2021-10-12 23:33:43,-28.65,153.6167,69.75,81,100,10.18
541,Nurobod,UZ,2021-10-12 23:36:04,40.9056,69.8023,43.65,31,0,3.67
542,Ayan,RU,2021-10-12 23:36:05,56.45,138.1667,35.4,35,100,11.61
543,Dawson Creek,CA,2021-10-12 23:36:05,55.7666,-120.2362,46.04,46,20,13.8
544,Raudeberg,NO,2021-10-12 23:36:05,61.9875,5.1352,42.19,88,100,3.0
545,Fare,PF,2021-10-12 23:36:06,-16.7,-151.0167,80.02,77,55,12.88
546,Nioro,GM,2021-10-12 23:36:06,13.35,-15.75,77.29,78,70,4.59
547,Broome,US,2021-10-12 23:36:07,42.2506,-75.833,64.98,86,1,9.22
548,Boyolangu,ID,2021-10-12 23:36:07,-8.1181,111.8935,77.34,75,81,5.84
549,Cachoeira Do Sul,BR,2021-10-12 23:36:07,-30.0392,-52.8939,64.11,84,27,2.1
550,Tubuala,PA,2021-10-12 23:36:08,9.5167,-79.0333,79.34,76,74,4.41
551,Rosarito,MX,2021-10-12 23:36:08,32.3333,-117.0333,69.24,35,0,10.63
552,Mecca,SA,2021-10-12 23:36:09,21.4267,39.8261,84.99,28,3,4.45
553,Wilhelmsburg,AT,2021-10-12 23:36:09,48.1057,15.6054,47.84,85,98,6.29
554,Coruripe,BR,2021-10-12 23:34:16,-10.1256,-36.1756,76.08,78,70,11.99
555,Vondrozo,MG,2021-10-12 23:36:10,-22.8167,47.2833,59.97,85,98,0.31
556,Acapulco,MX,2021-10-12 23:35:26,16.8634,-99.8901,85.82,74,40,9.22
557,Teruel,ES,2021-10-12 23:36:11,40.6667,-0.6667,49.14,52,2,3.58
558,Youkounkoun,GN,2021-10-12 23:36:12,12.5333,-13.1333,80.37,77,84,3.27
559,Ridgecrest,US,2021-10-12 23:36:13,35.6225,-117.6709,68.02,13,1,1.01
560,Ostersund,SE,2021-10-12 23:36:13,63.1792,14.6357,37.85,81,20,14.97
561,Gat,IL,2021-10-12 23:32:30,31.61,34.7642,79.39,61,100,6.69
562,Guanare,VE,2021-10-12 23:36:14,9.0418,-69.7421,74.77,96,99,2.01
563,Lagos,NG,2021-10-12 23:36:14,6.5833,3.75,80.92,93,88,4.7
564,Kashan,IR,2021-10-12 23:36:15,33.9831,51.4364,61.95,19,2,2.01
565,Sorong,ID,2021-10-12 23:36:15,-0.8833,131.25,83.82,75,100,5.39
566,Killybegs,IE,2021-10-12 23:36:16,54.6333,-8.45,52.45,89,93,3.13
567,Shenkursk,RU,2021-10-12 23:36:16,62.1091,42.896,41.72,84,100,6.71
568,Bonavista,CA,2021-10-12 23:36:17,48.6499,-53.1147,49.12,95,100,24.96
569,Bani,DO,2021-10-12 23:36:17,18.2833,-70.3333,77.86,83,100,3.22
570,Mongagua,BR,2021-10-12 23:36:18,-24.0931,-46.6208,76.93,94,33,5.75
571,Tecpan,GT,2021-10-12 23:36:18,14.7623,-90.9947,65.52,90,83,2.39
572,Inhambane,MZ,2021-10-12 23:36:19,-23.865,35.3833,66.7,77,1,6.62
573,Manavalakurichi,IN,2021-10-12 23:36:19,8.1333,77.3,77.09,86,91,12.77
574,Hangu,CN,2021-10-12 23:36:20,39.2489,117.7892,55.44,62,54,3.33
575,Fort Saint James,CA,2021-10-12 23:36:20,54.4333,-124.25,39.7,85,100,5.1
576,Nome,US,2021-10-12 23:35:40,64.5011,-165.4064,39.16,81,75,9.22
577,Luau,AO,2021-10-12 23:36:21,-10.7073,22.2247,69.3,35,40,4.07
578,Areosa,PT,2021-10-12 23:36:21,41.7178,-8.8571,67.24,59,0,5.79
579,San Jose,US,2021-10-12 23:35:53,37.3394,-121.895,73.89,20,1,8.01
580,Rongcheng,CN,2021-10-12 23:36:22,30.634,117.8517,62.58,81,100,4.23
581,Port Keats,AU,2021-10-12 23:36:22,-14.25,129.55,87.87,56,46,6.82
582,Madras,IN,2021-10-12 23:36:23,13.0878,80.2785,78.78,89,40,5.75
583,Mehamn,NO,2021-10-12 23:36:23,71.0357,27.8492,41.41,75,99,28.3
584,Mvuma,ZW,2021-10-12 23:36:24,-19.2792,30.5283,53.85,40,0,4.0
585,Bubaque,GW,2021-10-12 23:36:24,11.2833,-15.8333,82.78,76,91,7.72
586,Chamba,IN,2021-10-12 23:36:25,32.5667,76.1333,62.65,41,0,8.61
